source_id,date,action,url,status,message
SRC-BCC-0001,2026-06-25,seed_ingest,https://www.bristol.gov.uk/residents/streets-travel/transport-plans-and-projects/workplace-parking-levy,not_downloaded,Seed record ingested; source acquisition not yet run.
SRC-BCC-0002,2026-06-25,seed_ingest,https://news.bristol.gov.uk/press-releases/ba17de24-32b0-46ce-80b6-3d629d6eade1/further-information-bristol-workplace-parking-levy,not_downloaded,Seed record ingested; source acquisition not yet run.
SRC-BCC-0003,2026-06-25,seed_ingest,https://democracy.bristol.gov.uk/documents/s100552/Committee%2BReport%2BWorkplace%2BParking%2BLevy.pdf,not_downloaded,Seed record ingested; source acquisition not yet run.
SRC-BCC-0004,2026-06-25,seed_ingest,https://democracy.bristol.gov.uk/documents/g11272/Decisions%2B12th-Sep-2024%2B17.00%2BTransport%2Band%2BConnectivity%2BPolicy%2BCommittee.pdf?T=2,not_downloaded,Seed record ingested; source acquisition not yet run.
SRC-BCC-0005,2026-06-25,seed_ingest,https://democracy.bristol.gov.uk/documents/g11272/Public%2Breports%2Bpack%2B12th-Sep-2024%2B17.00%2BTransport%2Band%2BConnectivity%2BPolicy%2BCommittee.pdf?T=10,not_downloaded,Seed record ingested; source acquisition not yet run.
SRC-BCC-0006,2026-06-25,seed_ingest,https://democracy.bristol.gov.uk/documents/s100553/Appendix%20A%20-%20Feasibility%20Study%20Report%20for%20a%20WPL%20Scheme%20in%20Bristol-%20Final%20Draft1.pdf,not_downloaded,Seed record ingested; source acquisition not yet run.
SRC-BCC-0007,2026-06-25,seed_ingest,https://democracy.bristol.gov.uk/documents/s100554/Appendix%20B%20-%20EQIA%20Workplace%20Parking%20Levy%20OBC%20final.pdf,not_downloaded,Seed record ingested; source acquisition not yet run.
SRC-BCC-0008,2026-06-25,seed_ingest,https://democracy.bristol.gov.uk/documents/s109618/01.%20Committee%20Report%20Workplace%20Parking%20Levy.pdf,not_downloaded,Seed record ingested; source acquisition not yet run.
SRC-UK-0001,2026-06-25,seed_ingest,https://opencouncil.network/meetings/65617,not_downloaded,Seed record ingested; source acquisition not yet run.
SRC-BCC-0009,2026-06-25,seed_ingest,https://democracy.bristol.gov.uk/documents/s117954/01.%20Committee%20Report%20-%20WPL%20Oct%202025.pdf,not_downloaded,Seed record ingested; source acquisition not yet run.
SRC-BCC-0010,2026-06-25,seed_ingest,https://democracy.bristol.gov.uk/documents/s117956/Appendix%20B%20-%20Equality%20Impact%20Assessment%20-%20Workplace%20Parking%20Levy%20reviewed%20Sept%202025.pdf,not_downloaded,Seed record ingested; source acquisition not yet run.
SRC-BCC-0011,2026-06-25,seed_ingest,https://democracy.bristol.gov.uk/documents/g11586/Public%20reports%20pack%2023rd-Oct-2025%2017.00%20Transport%20Connectivity%20Policy%20Committee.pdf?T=10,not_downloaded,Seed record ingested; source acquisition not yet run.
SRC-BCC-0012,2026-06-25,seed_ingest,https://democracy.bristol.gov.uk/documents/s118549/Public%20Forum%20TC%20PC%20-%2023%20Oct%202025%20-%20questions%20and%20responses.pdf,not_downloaded,Seed record ingested; source acquisition not yet run.
SRC-BCC-0013,2026-06-25,seed_ingest,https://democracy.bristol.gov.uk/documents/s118548/Public%20Forum%20TC%20PC%20-%2023%20Oct%202025%20-%20statements%20received.pdf,not_downloaded,Seed record ingested; source acquisition not yet run.
SRC-BCC-0014,2026-06-25,seed_ingest,https://democracy.bristol.gov.uk/documents/s124389/01.%20Committee%20Report%20Workplace%20Parking%20Levy%20March%2026%201.pdf,not_downloaded,Seed record ingested; source acquisition not yet run.
SRC-BCC-0015,2026-06-25,seed_ingest,https://democracy.bristol.gov.uk/documents/g11589/Public%20reports%20pack%2019th-Mar-2026%2017.00%20Transport%20Connectivity%20Policy%20Committee.pdf?T=10,not_downloaded,Seed record ingested; source acquisition not yet run.
SRC-BCC-0016,2026-06-25,seed_ingest,https://democracy.bristol.gov.uk/documents/l395/Printed%20plan%20Transport%20Connectivity%20Policy%20Committee%20-%2021%20January%202026.pdf?T=4,not_downloaded,Seed record ingested; source acquisition not yet run.
SRC-BCC-0017,2026-06-25,seed_ingest,https://democracy.bristol.gov.uk/documents/l405/Printed%20plan%20Transport%20Connectivity%20Policy%20Committee%20Forward%20Plan%20Update%20-%2018%20February%202026.pdf?T=4,not_downloaded,Seed record ingested; source acquisition not yet run.
SRC-BCC-0018,2026-06-25,seed_ingest,https://democracy.bristol.gov.uk/documents/s122365/Committee%20Report%20-%20Progress%20Towards%20the%20Bristol%20Climate%20and%20Nature%20Partnerships%20Inclusive%20Transport.pdf,not_downloaded,Seed record ingested; source acquisition not yet run.
SRC-WECA-0001,2026-06-25,seed_ingest,https://www.westofengland-ca.gov.uk/wp-content/uploads/2021/10/JLTP4-Adopted-Joint-Local-Transport-Plan-4.pdf,not_downloaded,Seed record ingested; source acquisition not yet run.
SRC-WECA-0002,2026-06-25,seed_ingest,https://www.westofengland-ca.gov.uk/wp-content/uploads/2021/12/JLTP4-joint-local-transport-plan-3.pdf,not_downloaded,Seed record ingested; source acquisition not yet run.
SRC-WECA-0003,2026-06-25,seed_ingest,https://www.westofengland-ca.gov.uk/wp-content/uploads/2021/12/Combined-Authority-Bus-Strategy-updated-Sept-2021.pdf,not_downloaded,Seed record ingested; source acquisition not yet run.
SRC-WECA-0004,2026-06-25,seed_ingest,https://www.westofengland-ca.gov.uk/wp-content/uploads/2024/07/3882.Bus-Service-Plan-2024_v2-1.pdf,not_downloaded,Seed record ingested; source acquisition not yet run.
SRC-WECA-0005,2026-06-25,seed_ingest,https://www.westofengland-ca.gov.uk/wp-content/uploads/2017/10/Item-12-Joint-Transport-Study-Final-Report-with-appendixes.pdf,not_downloaded,Seed record ingested; source acquisition not yet run.
SRC-WECA-0006,2026-06-25,seed_ingest,https://www.westofengland-ca.gov.uk/wp-content/uploads/2024/01/WoE-Local-Growth-Assurance-Framework-January-24.pdf,not_downloaded,Seed record ingested; source acquisition not yet run.
SRC-WECA-0007,2026-06-25,seed_ingest,https://www.westofengland-ca.gov.uk/wp-content/uploads/2025/09/WoE-Local-Growth-Assurance-Framework-July-25-Final.pdf,not_downloaded,Seed record ingested; source acquisition not yet run.
SRC-WECA-0008,2026-06-25,seed_ingest,https://www.westofengland-ca.gov.uk/wp-content/uploads/2023/11/Future4West-SOC-Final-26-Sept-2023-Acc.pdf,not_downloaded,Seed record ingested; source acquisition not yet run.
SRC-WECA-0009,2026-06-25,seed_ingest,https://www.westofengland-ca.gov.uk/wp-content/uploads/2022/09/Bristol-Bridge-Signals-Junction-and-Car-Park-VMS-Project-bsuiness-case.pdf,not_downloaded,Seed record ingested; source acquisition not yet run.
SRC-WECA-0010,2026-06-25,seed_ingest,https://www.westofengland-ca.gov.uk/wp-content/uploads/2019/02/6.-WofE-LIS-Economic-Connectivity-report.pdf,not_downloaded,Seed record ingested; source acquisition not yet run.
SRC-DFT-0001,2026-06-25,seed_ingest,https://www.gov.uk/government/publications/transport-business-case/transport-business-case-guidance,not_downloaded,Seed record ingested; source acquisition not yet run.
SRC-LEG-0001,2026-06-25,seed_ingest,https://www.legislation.gov.uk/ukpga/2000/38/notes/division/5/3/2,not_downloaded,Seed record ingested; source acquisition not yet run.
SRC-NOTT-0001,2026-06-25,seed_ingest,https://www.nottinghamcity.gov.uk/media/rqmnbl5i/annual-report-2023-2024.pdf,not_downloaded,Seed record ingested; source acquisition not yet run.
SRC-NOTT-0002,2026-06-25,seed_ingest,https://www.transportnottingham.com/wp-content/uploads/2024/03/WPL-report.pdf,not_downloaded,Seed record ingested; source acquisition not yet run.
SRC-ACADEMIC-0001,2026-06-25,seed_ingest,https://repository.lboro.ac.uk/articles/journal_contribution/Evaluating_the_impact_of_a_workplace_parking_levy_on_local_traffic_congestion_the_case_of_Nottingham_UK/9450983/1/files/17073008.pdf,not_downloaded,Seed record ingested; source acquisition not yet run.
SRC-ACADEMIC-0002,2026-06-25,seed_ingest,https://m4.ti.ch/fileadmin/POTERI/GC/allegati/rapporti/28708_8465%20R2%20-%20allegato%205%20-%20The%20impact%20of%20the%20Nottingham%20WPL%20on%20travel%20to%20work%20mode%20share.pdf,not_downloaded,Seed record ingested; source acquisition not yet run.
SRC-NOTT-0003,2026-06-25,seed_ingest,https://www.nottinghamcity.gov.uk/information-for-residents/transport-parking-and-streets/badges-and-permits/workplace-parking-levy/,not_downloaded,Seed record ingested; source acquisition not yet run.
SRC-NOTT-0004,2026-06-25,seed_ingest,https://www.nottinghamcity.gov.uk/information-for-residents/transport-parking-and-streets/badges-and-permits/workplace-parking-levy/cost-of-a-wpl-licence/,not_downloaded,Seed record ingested; source acquisition not yet run.
SRC-UK-0002,2026-06-25,seed_ingest,https://www.geoplace.co.uk/case-studies/workplace-parking-levy,not_downloaded,Seed record ingested; source acquisition not yet run.
SRC-TFL-0001,2026-06-25,seed_ingest,https://content.tfl.gov.uk/wpl-faqs-january-2020.pdf,not_downloaded,Seed record ingested; source acquisition not yet run.
SRC-UK-0003,2026-06-25,seed_ingest,https://consultations.leicester.gov.uk/sec/wpl/supporting_documents/WPL%20An%20evidencebased%20review%20of%20policy%20and%20prospects%20for%20Leicester%20.pdf,not_downloaded,Seed record ingested; source acquisition not yet run.
SRC-UK-0004,2026-06-25,seed_ingest,https://www.route-one.net/news/bristol-workplace-parking-levy-could-generate-long-term-bus-funds/,not_downloaded,Seed record ingested; source acquisition not yet run.
SRC-BCC-0019,2026-06-25,seed_ingest,https://thebristolcable.org/2023/08/bristol-transport-plan-workplace-parking-levy-dropped-council-publish-secret-report/,not_downloaded,Seed record ingested; source acquisition not yet run.
SRC-BCC-0020,2026-06-25,seed_ingest,https://www.bristolpost.co.uk/news/bristol-news/bristol-workplace-parking-levy-could-11025667,not_downloaded,Seed record ingested; source acquisition not yet run.
SRC-BCC-0021,2026-06-25,seed_ingest,https://bristolgreenparty.org.uk/wpl-amendment/,not_downloaded,Seed record ingested; source acquisition not yet run.
SRC-BCC-0001,2026-06-25,download,https://www.bristol.gov.uk/residents/streets-travel/transport-plans-and-projects/workplace-parking-levy,downloaded,downloaded content_type=text/html; charset=utf-8 path=evidence/raw/bristol-city-council/src-bcc-0001_bcc-workplace-parking-levy-project-page.html
SRC-BCC-0002,2026-06-25,download,https://news.bristol.gov.uk/press-releases/ba17de24-32b0-46ce-80b6-3d629d6eade1/further-information-bristol-workplace-parking-levy,downloaded,downloaded content_type=text/html; charset=utf-8 path=evidence/raw/bristol-city-council/src-bcc-0002_bcc-news-further-information-bristol-wpl-2026-02-23.html
SRC-BCC-0003,2026-06-25,download,https://democracy.bristol.gov.uk/documents/s100552/Committee%2BReport%2BWorkplace%2BParking%2BLevy.pdf,downloaded,downloaded content_type=application/pdf path=evidence/raw/bristol-city-council/src-bcc-0003_committee-report-workplace-parking-levy-2024-09-12.pdf
SRC-BCC-0004,2026-06-25,download,https://democracy.bristol.gov.uk/documents/g11272/Decisions%2B12th-Sep-2024%2B17.00%2BTransport%2Band%2BConnectivity%2BPolicy%2BCommittee.pdf?T=2,downloaded,downloaded content_type=application/pdf path=evidence/raw/bristol-city-council/src-bcc-0004_decision-notice-transport-connectivity-policy-committee-2024-09-12.pdf
SRC-BCC-0005,2026-06-25,download,https://democracy.bristol.gov.uk/documents/g11272/Public%2Breports%2Bpack%2B12th-Sep-2024%2B17.00%2BTransport%2Band%2BConnectivity%2BPolicy%2BCommittee.pdf?T=10,downloaded,downloaded content_type=application/pdf path=evidence/raw/bristol-city-council/src-bcc-0005_public-reports-pack-transport-connectivity-policy-committee-2024-09-12.pdf
SRC-BCC-0006,2026-06-25,download,https://democracy.bristol.gov.uk/documents/s100553/Appendix%20A%20-%20Feasibility%20Study%20Report%20for%20a%20WPL%20Scheme%20in%20Bristol-%20Final%20Draft1.pdf,downloaded,downloaded content_type=application/pdf path=evidence/raw/bristol-city-council/src-bcc-0006_appendix-a-feasibility-study-report-wpl-scheme-bristol-final-draft.pdf
SRC-BCC-0007,2026-06-25,download,https://democracy.bristol.gov.uk/documents/s100554/Appendix%20B%20-%20EQIA%20Workplace%20Parking%20Levy%20OBC%20final.pdf,downloaded,downloaded content_type=application/pdf path=evidence/raw/bristol-city-council/src-bcc-0007_appendix-b-eqia-workplace-parking-levy-obc-final-2024-08-20.pdf
SRC-BCC-0008,2026-06-25,download,https://democracy.bristol.gov.uk/documents/s109618/01.%20Committee%20Report%20Workplace%20Parking%20Levy.pdf,downloaded,downloaded content_type=application/pdf path=evidence/raw/bristol-city-council/src-bcc-0008_committee-report-workplace-parking-levy-update-2025-05-15.pdf
SRC-BCC-0009,2026-06-25,download,https://democracy.bristol.gov.uk/documents/s117954/01.%20Committee%20Report%20-%20WPL%20Oct%202025.pdf,downloaded,downloaded content_type=application/pdf path=evidence/raw/bristol-city-council/src-bcc-0009_committee-report-wpl-october-2025.pdf
SRC-BCC-0010,2026-06-25,download,https://democracy.bristol.gov.uk/documents/s117956/Appendix%20B%20-%20Equality%20Impact%20Assessment%20-%20Workplace%20Parking%20Levy%20reviewed%20Sept%202025.pdf,downloaded,downloaded content_type=application/pdf path=evidence/raw/bristol-city-council/src-bcc-0010_appendix-b-eqia-workplace-parking-levy-reviewed-sept-2025.pdf
SRC-BCC-0011,2026-06-25,download,https://democracy.bristol.gov.uk/documents/g11586/Public%20reports%20pack%2023rd-Oct-2025%2017.00%20Transport%20Connectivity%20Policy%20Committee.pdf?T=10,downloaded,downloaded content_type=application/pdf path=evidence/raw/bristol-city-council/src-bcc-0011_public-reports-pack-transport-connectivity-policy-committee-2025-10-23.pdf
SRC-BCC-0014,2026-06-25,download,https://democracy.bristol.gov.uk/documents/s124389/01.%20Committee%20Report%20Workplace%20Parking%20Levy%20March%2026%201.pdf,downloaded,downloaded content_type=application/pdf path=evidence/raw/bristol-city-council/src-bcc-0014_committee-report-workplace-parking-levy-march-2026.pdf
SRC-BCC-0015,2026-06-25,download,https://democracy.bristol.gov.uk/documents/g11589/Public%20reports%20pack%2019th-Mar-2026%2017.00%20Transport%20Connectivity%20Policy%20Committee.pdf?T=10,downloaded,downloaded content_type=application/pdf path=evidence/raw/bristol-city-council/src-bcc-0015_public-reports-pack-transport-connectivity-policy-committee-2026-03-19.pdf
SRC-BCC-0016,2026-06-25,download,https://democracy.bristol.gov.uk/documents/l395/Printed%20plan%20Transport%20Connectivity%20Policy%20Committee%20-%2021%20January%202026.pdf?T=4,downloaded,downloaded content_type=application/pdf path=evidence/raw/bristol-city-council/src-bcc-0016_transport-connectivity-policy-committee-forward-plan-2026-01-21.pdf
SRC-BCC-0017,2026-06-25,download,https://democracy.bristol.gov.uk/documents/l405/Printed%20plan%20Transport%20Connectivity%20Policy%20Committee%20Forward%20Plan%20Update%20-%2018%20February%202026.pdf?T=4,downloaded,downloaded content_type=application/pdf path=evidence/raw/bristol-city-council/src-bcc-0017_transport-connectivity-policy-committee-forward-plan-update-2026-02-18.pdf
SRC-WECA-0001,2026-06-25,download,https://www.westofengland-ca.gov.uk/wp-content/uploads/2021/10/JLTP4-Adopted-Joint-Local-Transport-Plan-4.pdf,downloaded,downloaded content_type=application/pdf path=evidence/raw/west-of-england-mca/src-weca-0001_jltp4-adopted-joint-local-transport-plan-4-2020-2036.pdf
SRC-WECA-0003,2026-06-25,download,https://www.westofengland-ca.gov.uk/wp-content/uploads/2021/12/Combined-Authority-Bus-Strategy-updated-Sept-2021.pdf,downloaded,downloaded content_type=application/pdf path=evidence/raw/west-of-england-mca/src-weca-0003_combined-authority-bus-strategy-updated-sept-2021.pdf
SRC-WECA-0004,2026-06-25,download,https://www.westofengland-ca.gov.uk/wp-content/uploads/2024/07/3882.Bus-Service-Plan-2024_v2-1.pdf,downloaded,downloaded content_type=application/pdf path=evidence/raw/west-of-england-mca/src-weca-0004_west-of-england-bus-service-improvement-plan-2024.pdf
SRC-WECA-0006,2026-06-25,download,https://www.westofengland-ca.gov.uk/wp-content/uploads/2024/01/WoE-Local-Growth-Assurance-Framework-January-24.pdf,downloaded,downloaded content_type=application/pdf path=evidence/raw/west-of-england-mca/src-weca-0006_west-of-england-local-growth-assurance-framework-january-2024.pdf
SRC-DFT-0001,2026-06-25,download,https://www.gov.uk/government/publications/transport-business-case/transport-business-case-guidance,downloaded,downloaded content_type=text/html; charset=utf-8 path=evidence/raw/dft-and-tag/src-dft-0001_dft-transport-business-case-guidance.html
SRC-LEG-0001,2026-06-25,download,https://www.legislation.gov.uk/ukpga/2000/38/notes/division/5/3/2,downloaded,downloaded content_type=text/html;charset=utf-8 path=evidence/raw/legislation/src-leg-0001_transport-act-2000-explanatory-notes-road-user-charging-wpl.html
SRC-NOTT-0001,2026-06-25,download,https://www.nottinghamcity.gov.uk/media/rqmnbl5i/annual-report-2023-2024.pdf,downloaded,downloaded content_type=application/pdf path=evidence/raw/nottingham/src-nott-0001_nottingham-wpl-annual-report-2023-2024.pdf
SRC-NOTT-0002,2026-06-25,download,https://www.transportnottingham.com/wp-content/uploads/2024/03/WPL-report.pdf,downloaded,downloaded content_type=application/pdf path=evidence/raw/nottingham/src-nott-0002_nottingham-wpl-decade-of-inspiring-growth-report.pdf
SRC-ACADEMIC-0001,2026-06-25,download,https://repository.lboro.ac.uk/articles/journal_contribution/Evaluating_the_impact_of_a_workplace_parking_levy_on_local_traffic_congestion_the_case_of_Nottingham_UK/9450983/1/files/17073008.pdf,downloaded,downloaded content_type=text/html; charset=UTF-8 path=evidence/raw/academic/src-academic-0001_dale-et-al-2017-nottingham-wpl-congestion-evaluation.pdf
SRC-ACADEMIC-0002,2026-06-25,download,https://m4.ti.ch/fileadmin/POTERI/GC/allegati/rapporti/28708_8465%20R2%20-%20allegato%205%20-%20The%20impact%20of%20the%20Nottingham%20WPL%20on%20travel%20to%20work%20mode%20share.pdf,downloaded,downloaded content_type=application/pdf path=evidence/raw/academic/src-academic-0002_nottingham-wpl-travel-to-work-mode-share-2019.pdf
SRC-TFL-0001,2026-06-25,download,https://content.tfl.gov.uk/wpl-faqs-january-2020.pdf,downloaded,downloaded content_type=application/pdf path=evidence/raw/uk-comparators/src-tfl-0001_tfl-workplace-parking-levy-faqs-january-2020.pdf
SRC-UK-0003,2026-06-25,download,https://consultations.leicester.gov.uk/sec/wpl/supporting_documents/WPL%20An%20evidencebased%20review%20of%20policy%20and%20prospects%20for%20Leicester%20.pdf,downloaded,downloaded content_type=application/pdf path=evidence/raw/uk-comparators/src-uk-0003_leicester-wpl-evidence-based-review-2021-05-19.pdf
SRC-LEG-0002,2026-06-25,download,https://www.legislation.gov.uk/ukpga/2000/38/contents,downloaded,downloaded content_type=text/html;charset=utf-8 path=evidence/raw/legislation/src-leg-0002_src-leg-0002-transport-act-2000-current-contents.html
SRC-LEG-0003,2026-06-25,download,https://www.legislation.gov.uk/ukpga/2000/38/section/184,downloaded,downloaded content_type=text/html;charset=utf-8 path=evidence/raw/legislation/src-leg-0003_src-leg-0003-transport-act-2000-section-184-confirmation.html
SRC-LEG-0004,2026-06-25,download,https://www.legislation.gov.uk/ukpga/2000/38/schedule/12,downloaded,downloaded content_type=text/html;charset=utf-8 path=evidence/raw/legislation/src-leg-0004_src-leg-0004-transport-act-2000-schedule-12-net-proceeds.html
SRC-LEG-0005,2026-06-25,download,https://www.legislation.gov.uk/uksi/2009/2085/contents,downloaded,downloaded content_type=text/html;charset=utf-8 path=evidence/raw/legislation/src-leg-0005_src-leg-0005-workplace-parking-levy-england-regulations-2009.html
SRC-LEG-0006,2026-06-25,download,https://www.legislation.gov.uk/uksi/2003/110/contents,downloaded,downloaded content_type=text/html;charset=utf-8 path=evidence/raw/legislation/src-leg-0006_src-leg-0006-road-user-charging-and-workplace-parking-levy-net-proceeds-england-regulation.html
SRC-LEG-0007,2026-06-25,download,https://www.legislation.gov.uk/uksi/2001/2793/contents,downloaded,downloaded content_type=text/html;charset=utf-8 path=evidence/raw/legislation/src-leg-0007_src-leg-0007-road-user-charging-and-wpl-classes-of-motor-vehicles-regulations-2001.html
SRC-LEG-0008,2026-06-25,download,https://www.legislation.gov.uk/ukpga/1984/27/section/121A,downloaded,downloaded content_type=text/html;charset=utf-8 path=evidence/raw/legislation/src-leg-0008_src-leg-0008-road-traffic-regulation-act-1984-section-121a.html
SRC-LEG-0009,2026-06-25,download,https://www.legislation.gov.uk/uksi/2017/126/contents,downloaded,downloaded content_type=text/html;charset=utf-8 path=evidence/raw/legislation/src-leg-0009_src-leg-0009-west-of-england-combined-authority-order-2017.html
SRC-LEG-0010,2026-06-25,download,https://www.legislation.gov.uk/uksi/2026/519/regulation/29,downloaded,downloaded content_type=text/html;charset=utf-8 path=evidence/raw/legislation/src-leg-0010_src-leg-0010-si-2026-519-regulation-29.html
SRC-HMT-0001,2026-06-25,download,https://www.gov.uk/government/publications/the-green-book-appraisal-and-evaluation-in-central-government/the-green-book-2026,downloaded,downloaded content_type=text/html; charset=utf-8 path=evidence/raw/hm-treasury/src-hmt-0001_src-hmt-0001-the-green-book-2026.html
SRC-HMT-0002,2026-06-25,download,https://www.gov.uk/government/publications/the-magenta-book,downloaded,downloaded content_type=text/html; charset=utf-8 path=evidence/raw/hm-treasury/src-hmt-0002_src-hmt-0002-the-magenta-book.html
SRC-HMT-0003,2026-06-25,download,https://www.gov.uk/government/publications/managing-public-money,downloaded,downloaded content_type=text/html; charset=utf-8 path=evidence/raw/hm-treasury/src-hmt-0003_src-hmt-0003-managing-public-money.html
SRC-HMT-0004,2026-06-25,download,https://www.gov.uk/government/publications/the-aqua-book-guidance-on-producing-quality-analysis-for-government,downloaded,downloaded content_type=text/html; charset=utf-8 path=evidence/raw/hm-treasury/src-hmt-0004_src-hmt-0004-the-aqua-book.html
SRC-DFT-0002,2026-06-25,download,https://www.gov.uk/guidance/transport-analysis-guidance,downloaded,downloaded content_type=text/html; charset=utf-8 path=evidence/raw/dft-and-tag/src-dft-0002_src-dft-0002-transport-analysis-guidance.html
SRC-ACADEMIC-0001,2026-06-25,download,https://repository.lboro.ac.uk/articles/journal_contribution/Evaluating_the_impact_of_a_workplace_parking_levy_on_local_traffic_congestion_the_case_of_Nottingham_UK/9450983/1/files/17073008.pdf,download_failed,empty response content_type=text/html; charset=UTF-8
SRC-LEG-0011,2026-06-25,download,https://www.legislation.gov.uk/uksi/2009/2085/made,downloaded,downloaded content_type=text/html;charset=utf-8 path=evidence/raw/legislation/src-leg-0011_src-leg-0011-workplace-parking-levy-england-regulations-2009-whole-instrument.html
SRC-LEG-0012,2026-06-25,download,https://www.legislation.gov.uk/uksi/2003/110/made,downloaded,downloaded content_type=text/html;charset=utf-8 path=evidence/raw/legislation/src-leg-0012_src-leg-0012-road-user-charging-and-wpl-net-proceeds-regulations-2003-whole-instrument.html
SRC-LEG-0013,2026-06-25,download,https://www.legislation.gov.uk/uksi/2001/2793/made,downloaded,downloaded content_type=text/html;charset=utf-8 path=evidence/raw/legislation/src-leg-0013_src-leg-0013-road-user-charging-and-wpl-classes-of-motor-vehicles-regulations-2001-whole-i.html
SRC-BCC-0022,2026-06-25,download,https://democracy.bristol.gov.uk/documents/g11272/Printed%20minutes%2012th-Sep-2024%2017.00%20Transport%20Connectivity%20Policy%20Committee.pdf?T=1,downloaded,downloaded content_type=application/pdf path=evidence/raw/bristol-city-council/src-bcc-0022_src-bcc-0022-printed-minutes-transport-and-connectivity-policy-committee-12-september-2024.pdf
SRC-BCC-0023,2026-06-25,download,https://democracy.bristol.gov.uk/documents/g11586/Decisions%2023rd-Oct-2025%2017.00%20Transport%20Connectivity%20Policy%20Committee.pdf?T=2,downloaded,downloaded content_type=application/pdf path=evidence/raw/bristol-city-council/src-bcc-0023_src-bcc-0023-decision-notice-transport-and-connectivity-policy-committee-23-october-2025.pdf
SRC-BCC-0024,2026-06-25,download,https://democracy.bristol.gov.uk/documents/g11586/Printed%20minutes%2023rd-Oct-2025%2017.00%20Transport%20Connectivity%20Policy%20Committee.pdf?T=1,downloaded,downloaded content_type=application/pdf path=evidence/raw/bristol-city-council/src-bcc-0024_src-bcc-0024-printed-minutes-transport-and-connectivity-policy-committee-23-october-2025.pdf
SRC-BCC-0025,2026-06-25,download,https://democracy.bristol.gov.uk/documents/g11589/Decisions%2019th-Mar-2026%2017.00%20Transport%20Connectivity%20Policy%20Committee.pdf?T=2,downloaded,downloaded content_type=application/pdf path=evidence/raw/bristol-city-council/src-bcc-0025_src-bcc-0025-decision-notice-transport-and-connectivity-policy-committee-19-march-2026.pdf
SRC-BCC-0026,2026-06-25,download,https://democracy.bristol.gov.uk/documents/g11589/Printed%20minutes%2019th-Mar-2026%2017.00%20Transport%20Connectivity%20Policy%20Committee.pdf?T=1,downloaded,downloaded content_type=application/pdf path=evidence/raw/bristol-city-council/src-bcc-0026_src-bcc-0026-printed-minutes-transport-and-connectivity-policy-committee-19-march-2026.pdf
SRC-BCC-0027,2026-06-25,download,https://democracy.bristol.gov.uk/documents/s124298/Appendix%20B%20-%20Equality%20Impact%20Assessment%20-%20Workplace%20Parking%20Levy%20reviewed%20Oct%202025.pdf,downloaded,downloaded content_type=application/pdf path=evidence/raw/bristol-city-council/src-bcc-0027_src-bcc-0027-appendix-b-equality-impact-assessment-workplace-parking-levy-reviewed-oct-202.pdf
SRC-BCC-0028,2026-06-25,download,https://www.bristol.gov.uk/council/how-council-decisions-are-made/constitution,downloaded,downloaded content_type=text/html; charset=utf-8 final_url=https://www.bristol.gov.uk/council/how-council-decisions-are-made/constitution path=evidence/raw/bristol-city-council/src-bcc-0028_bristol-city-council-constitution-page.html
SRC-BCC-0029,2026-06-25,download,https://democracy.bristol.gov.uk/documents/s125434/Part%203.2%20-%20Terms%20of%20Reference%20of%20Committees%20-%20November%202025.pdf,downloaded,downloaded content_type=application/pdf final_url=https://democracy.bristol.gov.uk/documents/s125434/Part%203.2%20-%20Terms%20of%20Reference%20of%20Committees%20-%20November%202025.pdf path=evidence/raw/bristol-city-council/src-bcc-0029_part-3-2-terms-of-reference-of-committees-november-2025.pdf
SRC-BCC-0030,2026-06-25,download,https://democracy.bristol.gov.uk/documents/s125436/Part%203.4%20-%20Delegations%20to%20Officers%20-%20January%202026.pdf,downloaded,downloaded content_type=application/pdf final_url=https://democracy.bristol.gov.uk/documents/s125436/Part%203.4%20-%20Delegations%20to%20Officers%20-%20January%202026.pdf path=evidence/raw/bristol-city-council/src-bcc-0030_part-3-4-delegations-to-officers-january-2026.pdf
SRC-BCC-0031,2026-06-25,download,https://www.bristol.gov.uk/files/documents/7693-scheme-of-delegation-growth-and-regeneration,downloaded,downloaded content_type=application/pdf;charset=utf-8 final_url=https://www.bristol.gov.uk/files/documents/7693-scheme-of-delegation-growth-and-regeneration/file path=evidence/raw/bristol-city-council/src-bcc-0031_officer-scheme-of-delegation-growth-and-regeneration.pdf
SRC-WECA-0011,2026-06-25,download,https://www.westofengland-ca.gov.uk/about-us/democracy-funding-transparency/constitution/,downloaded,downloaded content_type=text/html; charset=UTF-8 final_url=https://www.westofengland-ca.gov.uk/about-us/democracy-funding-transparency/constitution/ path=evidence/raw/west-of-england-mca/src-weca-0011_west-of-england-combined-authority-constitution-page.html
SRC-WECA-0012,2026-06-25,download,https://westofengland-ca.moderngov.co.uk/documents/s10989/Part%20A%20Constitution%20-%20Oct%202025%201.1.pdf,downloaded,downloaded content_type=application/pdf final_url=https://westofengland-ca.moderngov.co.uk/documents/s10989/Part%20A%20Constitution%20-%20Oct%202025%201.1.pdf path=evidence/raw/west-of-england-mca/src-weca-0012_part-a-constitution-october-2025.pdf
SRC-WECA-0013,2026-06-25,download,https://westofengland-ca.moderngov.co.uk/documents/s11374/Part%20B%20-%202026%20Revision.pdf,downloaded,downloaded content_type=application/pdf final_url=https://westofengland-ca.moderngov.co.uk/documents/s11374/Part%20B%20-%202026%20Revision.pdf path=evidence/raw/west-of-england-mca/src-weca-0013_part-b-constitution-2026-revision.pdf
SRC-LEG-0014,2026-06-25,download,https://www.legislation.gov.uk/uksi/2026/519/made,downloaded,downloaded content_type=text/html;charset=utf-8 final_url=https://www.legislation.gov.uk/uksi/2026/519/made path=evidence/raw/legislation/src-leg-0014_english-devolution-community-empowerment-consequential-regulations-2026-whole-instrument.html
SRC-LEG-0015,2026-06-25,download,https://www.legislation.gov.uk/ukpga/2026/23/schedule/9/enacted,downloaded,downloaded content_type=text/html;charset=utf-8 final_url=https://www.legislation.gov.uk/ukpga/2026/23/schedule/9/enacted path=evidence/raw/legislation/src-leg-0015_english-devolution-community-empowerment-act-2026-schedule-9.html
SRC-BCC-0032,2026-06-25,download,https://democracy.bristol.gov.uk/documents/s125432/Part%202%20-%20Articles%20-%20June%202024.pdf,downloaded,downloaded content_type=application/pdf final_url=https://democracy.bristol.gov.uk/documents/s125432/Part%202%20-%20Articles%20-%20June%202024.pdf path=evidence/raw/bristol-city-council/src-bcc-0032_part-2-articles-of-the-constitution-june-2024.pdf
SRC-BCC-0033,2026-06-25,download,https://democracy.bristol.gov.uk/documents/s125433/Part%203.1%20-%20Full%20Council%20Functions%20-%20May%202024.pdf,downloaded,downloaded content_type=application/pdf final_url=https://democracy.bristol.gov.uk/documents/s125433/Part%203.1%20-%20Full%20Council%20Functions%20-%20May%202024.pdf path=evidence/raw/bristol-city-council/src-bcc-0033_part-3-1-full-council-functions-may-2024.pdf
SRC-BCC-0034,2026-06-25,download,https://democracy.bristol.gov.uk/documents/s125439/Part%204.2%20-%20Access%20to%20information%20procedure%20rules%20-%20May2024.pdf,downloaded,downloaded content_type=application/pdf final_url=https://democracy.bristol.gov.uk/documents/s125439/Part%204.2%20-%20Access%20to%20information%20procedure%20rules%20-%20May2024.pdf path=evidence/raw/bristol-city-council/src-bcc-0034_part-4-2-access-to-information-procedure-rules-may-2024.pdf
SRC-BCC-0035,2026-06-25,download,https://democracy.bristol.gov.uk/documents/g11583/Decisions%2015th-May-2025%2016.30%20Transport%20Connectivity%20Policy%20Committee.pdf?T=2,downloaded,downloaded content_type=application/pdf final_url=https://democracy.bristol.gov.uk/documents/g11583/Decisions%2015th-May-2025%2016.30%20Transport%20Connectivity%20Policy%20Committee.pdf?T=2 path=evidence/raw/bristol-city-council/src-bcc-0035_decision-notice-transport-and-connectivity-policy-committee-15-may-2025.pdf
SRC-BCC-0036,2026-06-25,download,https://democracy.bristol.gov.uk/documents/g11583/Printed%20minutes%2015th-May-2025%2016.30%20Transport%20Connectivity%20Policy%20Committee.pdf?T=1,downloaded,downloaded content_type=application/pdf final_url=https://democracy.bristol.gov.uk/documents/g11583/Printed%20minutes%2015th-May-2025%2016.30%20Transport%20Connectivity%20Policy%20Committee.pdf?T=1 path=evidence/raw/bristol-city-council/src-bcc-0036_printed-minutes-transport-and-connectivity-policy-committee-15-may-2025.pdf
SRC-LEG-0016,2026-06-25,download,https://www.legislation.gov.uk/ukpga/2026/23/section/2/enacted,downloaded,downloaded content_type=text/html;charset=utf-8 final_url=https://www.legislation.gov.uk/ukpga/2026/23/section/2/enacted path=evidence/raw/legislation/src-leg-0016_english-devolution-community-empowerment-act-2026-section-2.html
SRC-WECA-0007,2026-06-25,download,https://www.westofengland-ca.gov.uk/wp-content/uploads/2025/09/WoE-Local-Growth-Assurance-Framework-July-25-Final.pdf,downloaded,downloaded content_type=application/pdf final_url=https://www.westofengland-ca.gov.uk/wp-content/uploads/2025/09/WoE-Local-Growth-Assurance-Framework-July-25-Final.pdf path=evidence/raw/west-of-england-mca/src-weca-0007_west-of-england-local-growth-assurance-framework-july-2025-final.pdf
SRC-WECA-0014,2026-06-25,download,https://www.westofengland-ca.gov.uk/what-we-do/transport/,downloaded,downloaded content_type=text/html; charset=UTF-8 final_url=https://www.westofengland-ca.gov.uk/what-we-do/transport/ path=evidence/raw/west-of-england-mca/src-weca-0014_weca-transport-page.html
SRC-WECA-0015,2026-06-25,download,https://westofengland-ca.moderngov.co.uk/mgCommitteeDetails.aspx?ID=141,downloaded,downloaded content_type=text/html; charset=utf-8 final_url=https://westofengland-ca.moderngov.co.uk/mgCommitteeDetails.aspx?ID=141 path=evidence/raw/west-of-england-mca/src-weca-0015_combined-authority-committee-details.html
SRC-WECA-0016,2026-06-25,download,https://westofengland-ca.moderngov.co.uk/mgCommitteeDetails.aspx?ID=142,downloaded,downloaded content_type=text/html; charset=utf-8 final_url=https://westofengland-ca.moderngov.co.uk/mgCommitteeDetails.aspx?ID=142 path=evidence/raw/west-of-england-mca/src-weca-0016_joint-committee-details.html
SRC-LEG-0017,2026-06-25,download,https://www.legislation.gov.uk/ukpga/2000/38/section/178,downloaded,downloaded content_type=text/html;charset=utf-8 final_url=https://www.legislation.gov.uk/ukpga/2000/38/section/178 path=evidence/raw/legislation/src-leg-0017_transport-act-2000-section-178-workplace-parking-levy-licensing-schemes.html
SRC-LEG-0018,2026-06-25,download,https://www.legislation.gov.uk/ukpga/2000/38/section/179,downloaded,downloaded content_type=text/html;charset=utf-8 final_url=https://www.legislation.gov.uk/ukpga/2000/38/section/179 path=evidence/raw/legislation/src-leg-0018_transport-act-2000-section-179-licensing-schemes-local-traffic-authorities.html
SRC-LEG-0019,2026-06-25,download,https://www.legislation.gov.uk/ukpga/2000/38/section/180,downloaded,downloaded content_type=text/html;charset=utf-8 final_url=https://www.legislation.gov.uk/ukpga/2000/38/section/180 path=evidence/raw/legislation/src-leg-0019_transport-act-2000-section-180-persons-liable-to-charges.html
SRC-LEG-0020,2026-06-25,download,https://www.legislation.gov.uk/ukpga/2000/38/section/198,downloaded,downloaded content_type=text/html;charset=utf-8 final_url=https://www.legislation.gov.uk/ukpga/2000/38/section/198 path=evidence/raw/legislation/src-leg-0020_transport-act-2000-section-198-interpretation-local-transport-policies.html
SRC-LEG-0021,2026-06-25,download,https://www.legislation.gov.uk/ukpga/2000/38/section/108,downloaded,downloaded content_type=text/html;charset=utf-8 final_url=https://www.legislation.gov.uk/ukpga/2000/38/section/108 path=evidence/raw/legislation/src-leg-0021_transport-act-2000-section-108-local-transport-plans.html
SRC-LEG-0022,2026-06-25,download,https://www.legislation.gov.uk/uksi/2017/126/article/7,downloaded,downloaded content_type=text/html;charset=utf-8 final_url=https://www.legislation.gov.uk/uksi/2017/126/article/7 path=evidence/raw/legislation/src-leg-0022_weca-order-2017-article-7-current.html
SRC-LEG-0023,2026-06-25,download,https://www.legislation.gov.uk/uksi/2017/126/article/8,downloaded,downloaded content_type=text/html;charset=utf-8 final_url=https://www.legislation.gov.uk/uksi/2017/126/article/8 path=evidence/raw/legislation/src-leg-0023_weca-order-2017-article-8-current.html
SRC-LEG-0024,2026-06-26,download,https://www.legislation.gov.uk/uksi/1995/493/made,downloaded,downloaded content_type=text/html;charset=utf-8 path=evidence/raw/legislation/src-leg-0024_avon-structural-change-order-1995.html
SRC-LEG-0025,2026-06-26,download,https://www.legislation.gov.uk/ukpga/2000/38/section/163,downloaded,downloaded content_type=text/html;charset=utf-8 path=evidence/raw/legislation/src-leg-0025_transport-act-2000-section-163-road-user-charging-schemes-preliminary.html
SRC-WECA-0017,2026-06-26,download,https://westofengland-ca.moderngov.co.uk/ieDocSearch.aspx?bcr=1,downloaded,downloaded content_type=text/html; charset=utf-8 path=evidence/raw/west-of-england-mca/src-weca-0017_modern-gov-document-search-form.html
SRC-WECA-0018,2026-06-26,download,https://westofengland-ca.moderngov.co.uk/ieListDocuments.aspx?CId=192&MID=727,downloaded,downloaded content_type=text/html; charset=utf-8 path=evidence/raw/west-of-england-mca/src-weca-0018_joint-mca-joint-committee-2026-03-27-meeting-page.html
SRC-WECA-0019,2026-06-26,download,https://westofengland-ca.moderngov.co.uk/ieListDocuments.aspx?CId=192&MID=728,downloaded,downloaded content_type=text/html; charset=utf-8 path=evidence/raw/west-of-england-mca/src-weca-0019_joint-mca-joint-committee-2026-06-05-meeting-page.html
SRC-WECA-0020,2026-06-26,download,https://westofengland-ca.moderngov.co.uk/ieListDocuments.aspx?CId=143&MID=718,downloaded,downloaded content_type=text/html; charset=utf-8 path=evidence/raw/west-of-england-mca/src-weca-0020_overview-scrutiny-2026-06-01-meeting-page.html
SRC-WECA-0021,2026-06-26,download,https://westofengland-ca.moderngov.co.uk/ieListDocuments.aspx?CId=143&MID=716,downloaded,downloaded content_type=text/html; charset=utf-8 path=evidence/raw/west-of-england-mca/src-weca-0021_overview-scrutiny-2026-03-23-meeting-page.html
SRC-WECA-0022,2026-06-26,download,https://westofengland-ca.moderngov.co.uk/documents/s11483/Public%20Questions%20and%20Mayors%20Responses.pdf,downloaded,downloaded content_type=application/pdf path=evidence/raw/west-of-england-mca/src-weca-0022_joint-meeting-2026-03-27-public-questions-mayor-responses.pdf
SRC-WECA-0023,2026-06-26,download,https://westofengland-ca.moderngov.co.uk/documents/s11484/Statements.pdf,downloaded,downloaded content_type=application/pdf path=evidence/raw/west-of-england-mca/src-weca-0023_joint-meeting-2026-03-27-statements.pdf
SRC-WECA-0024,2026-06-26,download,https://westofengland-ca.moderngov.co.uk/documents/s11253/Item%2013%20-%20Transport.pdf,downloaded,downloaded content_type=application/pdf path=evidence/raw/west-of-england-mca/src-weca-0024_joint-meeting-2026-03-27-transport-report.pdf
SRC-WECA-0025,2026-06-26,download,https://westofengland-ca.moderngov.co.uk/documents/s11641/FINAL%20-%20Public%20Questions%20and%20Mayors%20Responses.pdf,downloaded,downloaded content_type=application/pdf path=evidence/raw/west-of-england-mca/src-weca-0025_joint-meeting-2026-06-05-public-questions-mayor-responses.pdf
SRC-WECA-0026,2026-06-26,download,https://westofengland-ca.moderngov.co.uk/documents/s11626/FINAL%20-%20Statements%20to%20WECA%20WEJC.pdf,downloaded,downloaded content_type=application/pdf path=evidence/raw/west-of-england-mca/src-weca-0026_joint-meeting-2026-06-05-statements.pdf
SRC-WECA-0027,2026-06-26,download,https://westofengland-ca.moderngov.co.uk/documents/s11517/Item%2008%20-%20MCA%20Mayoral%20Budget%20Outturn.pdf,downloaded,downloaded content_type=application/pdf path=evidence/raw/west-of-england-mca/src-weca-0027_joint-meeting-2026-06-05-mca-mayoral-budget-outturn.pdf
SRC-WECA-0028,2026-06-26,download,https://westofengland-ca.moderngov.co.uk/documents/s11539/Item%2009%20-%20Investment%20Fund%20Programme.pdf,downloaded,downloaded content_type=application/pdf path=evidence/raw/west-of-england-mca/src-weca-0028_joint-meeting-2026-06-05-investment-fund-programme.pdf
SRC-WECA-0029,2026-06-26,download,https://westofengland-ca.moderngov.co.uk/documents/s11519/Item%2010%20-%20Delivery%20Assurance.pdf,downloaded,downloaded content_type=application/pdf path=evidence/raw/west-of-england-mca/src-weca-0029_joint-meeting-2026-06-05-delivery-assurance.pdf
SRC-DFT-0003,2026-06-26,download,https://www.gov.uk/search/all?keywords=workplace%20parking%20levy%20confirmation%20Secretary%20of%20State&order=relevance,downloaded,downloaded content_type=text/html; charset=utf-8 path=evidence/raw/dft-and-tag/src-dft-0003_govuk-search-wpl-confirmation-sos.html
SRC-DFT-0004,2026-06-26,download,https://www.gov.uk/search/all?keywords=workplace%20parking%20levy%20DfT&order=relevance,downloaded,downloaded content_type=text/html; charset=utf-8 path=evidence/raw/dft-and-tag/src-dft-0004_src-dft-0004-govuk-search-workplace-parking-levy-dft.html
SRC-LEG-0026,2026-06-26,download,https://www.legislation.gov.uk/ukpga/2000/38/section/183,downloaded,downloaded content_type=text/html;charset=utf-8 path=evidence/raw/legislation/src-leg-0026_src-leg-0026-transport-act-2000-section-183-licensing-schemes-order.html
SRC-LEG-0027,2026-06-26,download,https://www.legislation.gov.uk/ukpga/2000/38/section/185,downloaded,downloaded content_type=text/html;charset=utf-8 path=evidence/raw/legislation/src-leg-0027_src-leg-0027-transport-act-2000-section-185-consultation-inquiries.html
SRC-BCC-0005,2026-06-26,public_repo_omit,,downloaded_raw_omitted_from_public_repo,Raw public PDF removed from GitHub current tree due GitGuardian legacy Grafana/Power BI detector collision; source URL and hash retained in source_register.
SRC-BCC-0011,2026-06-26,public_repo_omit,,downloaded_raw_omitted_from_public_repo,Raw public PDF removed from GitHub current tree due GitGuardian legacy Grafana/Power BI detector collision; source URL and hash retained in source_register.
SRC-BCC-0015,2026-06-26,public_repo_omit,,downloaded_raw_omitted_from_public_repo,Raw public PDF removed from GitHub current tree due GitGuardian legacy Grafana/Power BI detector collision; source URL and hash retained in source_register.
